"Períodos";"Indicadores";"Água Rasa";"Alto de Pinheiros";"Anhanguera";"Aricanduva";"Artur Alvim";"Barra Funda";"Bela Vista";"Belém";"Bom Retiro";"Brás";"Brasilândia";"Butantã";"Cachoeirinha";"Cambuci";"Campo Belo";"Campo Grande";"Campo Limpo";"Cangaiba";"Capão Redondo";"Carrão";"Casa Verde";"Cidade Ademar";"Cidade Dutra";"Cidade Lider";"Cidade Tiradentes";"Consolação";"Cursino";"Ermelino Matarazzo";"Freguesia do Ó";"Grajaú";"Guaianases";"Iguatemi";"Ipiranga";"Itaim Bibi";"Itaim Paulista";"Itaquera";"Jabaquara";"Jaguara";"Jaguaré";"Jaraguá";"Jardim Ângela";"Jardim Helena";"Jardim Paulista";"Jardim São Luís";"Jaçanã";"José Bonifácio (distrito da capital)";"Lajeado";"Lapa";"Liberdade";"Limão";"Mandaqui";"Marsilac";"Moema";"Mooca";"Morumbi";"Parelheiros";"Pari";"Parque do Carmo";"Pedreira (distrito da capital)";"Penha";"Perdizes";"Perus";"Pinheiros";"Pirituba";"Ponte Rasa";"Raposo Tavares";"República";"Rio Pequeno";"Sacomã";"Santa Cecília";"Santana";"Santo Amaro";"São Domingos";"São Lucas";"São Mateus";"São Miguel";"São Rafael";"Sapopemba";"Saúde";"Sé";"Socorro (distrito da capital)";"Tatuapé";"Tremembé (distrito da capital)";"Tucuruvi";"Vila Andrade";"Vila Curuçá";"Vila Formosa";"Vila Guilherme";"Vila Jacuí";"Vila Leopoldina";"Vila Maria";"Vila Mariana";"Vila Matilde";"Vila Medeiros";"Vila Prudente";"Vila Sônia";"Cód. IBGE"
"2020";"População Masculina";"38284";"18571";"41655";"40676";"47088";"7346";"34999";"23765";"18906";"16422";"135036";"25416";"70186";"18942";"29342";"49860";"109698";"65569";"141683";"39745";"40019";"135951";"97128";"65319";"112601";"26094";"53107";"57236";"66015";"189385";"53085";"73522";"52425";"44721";"113077";"101144";"107742";"11390";"26493";"102588";"164442";"65973";"40999";"141372";"45539";"64535";"84886";"31067";"33855";"37240";"51203";"4253";"40929";"37832";"24776";"75191";"9084";"34861";"77939";"60217";"52608";"43618";"29796";"81441";"42320";"51019";"31010";"59302";"125666";"41348";"50662";"34737";"41139";"67680";"75078";"42631";"78252";"139351";"61337";"13131";"16784";"44315";"107738";"44465";"79931";"74147";"44273";"26766";"70365";"22390";"54578";"60271";"49717";"58013";"49292";"57856";-
"2020";"População Masculina de 0 a 4 Anos";"2220";"798";"3065";"2489";"2943";"484";"2001";"1901";"1420";"1301";"11701";"1321";"5522";"1221";"1602";"2828";"8121";"4687";"11246";"2142";"2703";"10547";"6951";"4559";"9237";"1195";"3175";"4094";"4310";"15540";"4333";"6135";"3154";"2349";"8866";"7432";"7088";"674";"1757";"7952";"13434";"5623";"2066";"10652";"2988";"4212";"6991";"1604";"1939";"2753";"3055";"273";"1922";"2150";"1725";"6542";"734";"2503";"5622";"3649";"2545";"3655";"1454";"5349";"2661";"4011";"1699";"4679";"8030";"2370";"2909";"1731";"2570";"3921";"5311";"3499";"5629";"9925";"3100";"1064";"965";"2310";"8204";"2415";"5450";"5433";"2504";"1823";"4663";"1147";"4063";"3019";"2948";"4013";"2807";"3962";-
"2020";"População Masculina de 5 a 9 Anos";"2437";"881";"2929";"2631";"3118";"539";"2157";"2179";"1567";"1500";"11930";"1441";"5814";"1341";"1798";"3119";"8411";"4920";"11516";"2318";"2912";"10964";"7243";"4707";"8999";"1148";"3513";"4263";"4591";"15803";"4365";"6049";"3447";"2716";"8963";"7737";"7647";"731";"1891";"8061";"13825";"5692";"2247";"11072";"3075";"4347";"7032";"1803";"2180";"2950";"3247";"256";"2164";"2378";"1870";"6451";"797";"2630";"5660";"3926";"2743";"3686";"1632";"5690";"2811";"4264";"1916";"5102";"8459";"2585";"3152";"1946";"2727";"4076";"5581";"3678";"5668";"10295";"3512";"1213";"1059";"2502";"8364";"2585";"5439";"5452";"2606";"2036";"4645";"1290";"4306";"3251";"3125";"4267";"2996";"4280";-
"2020";"População Masculina de 10 a 14 Anos";"1905";"830";"2804";"2322";"2777";"365";"1370";"1304";"1099";"864";"9174";"1188";"4680";"1142";"1517";"2931";"7567";"3923";"9730";"2052";"2259";"8763";"6054";"4147";"8189";"838";"3026";"3737";"3598";"13212";"3639";"5222";"2898";"2148";"7642";"6541";"6436";"598";"1690";"6854";"12274";"4533";"1729";"9198";"2966";"4466";"6067";"1598";"1592";"2163";"2741";"273";"1990";"1912";"1374";"5317";"539";"2313";"5391";"3235";"2466";"2919";"1386";"4938";"2508";"3317";"1191";"3359";"7859";"1877";"2335";"1693";"2526";"3921";"4655";"2555";"5587";"8902";"2863";"580";"831";"2045";"6826";"2242";"5593";"4947";"2413";"1470";"4872";"1263";"3304";"2506";"2809";"3484";"2620";"3439";-
"2020";"População Masculina de 15 a 19 Anos";"1991";"879";"3291";"2598";"3008";"371";"1292";"1230";"1133";"893";"10551";"1185";"5214";"1124";"1434";"3034";"7976";"4389";"10741";"2244";"2428";"9700";"6845";"4547";"9892";"823";"3041";"4065";"3977";"15137";"4180";"5939";"3062";"1780";"8875";"7376";"6807";"659";"1787";"8081";"13672";"5012";"1510";"10400";"3257";"4889";"6605";"1545";"1514";"2285";"2990";"363";"1808";"1913";"1479";"6188";"559";"2636";"5873";"3574";"2494";"3344";"1262";"5265";"2768";"3793";"1171";"3849";"8332";"1822";"2489";"1817";"2649";"4187";"5265";"2895";"6604";"10077";"2757";"725";"988";"2445";"7806";"2372";"6188";"5748";"2576";"1664";"5329";"1183";"3765";"2562";"3038";"3720";"2710";"3629";-
"2020";"População Masculina de 20 a 24 Anos";"2473";"1067";"4207";"3173";"3693";"406";"1442";"1335";"1274";"1015";"12549";"1338";"6029";"1216";"1558";"3504";"9611";"5433";"12683";"2808";"2807";"11377";"8371";"5533";"11473";"1024";"3498";"4896";"5093";"18123";"4911";"7208";"3553";"1872";"10970";"8982";"8201";"737";"1953";"9823";"15742";"6222";"1674";"12393";"3896";"5785";"8268";"1668";"1755";"2794";"3771";"459";"1981";"2208";"1782";"7581";"605";"2983";"7364";"4237";"2649";"4096";"1346";"6302";"3451";"4208";"1267";"4298";"9699";"2108";"3097";"2157";"3149";"4853";"6421";"3589";"7490";"11956";"3096";"849";"1089";"2892";"9449";"2864";"6989";"7140";"3278";"1786";"6522";"1371";"4181";"2786";"3753";"4415";"3302";"4225";-
"2020";"População Masculina de 25 a 29 Anos";"2574";"1235";"3883";"3057";"3602";"493";"1844";"1427";"1401";"1168";"11335";"1561";"5779";"1224";"1645";"3483";"8721";"5248";"11906";"2906";"2779";"11007";"7911";"5331";"10303";"1521";"3562";"4602";"4884";"16426";"4822";"6576";"3654";"2189";"10279";"8390";"7901";"774";"1938";"8816";"13854";"5753";"1949";"11404";"3658";"5111";"7682";"1897";"2160";"2735";"3820";"408";"2129";"2553";"1681";"6684";"685";"2842";"6822";"4414";"3021";"3775";"1471";"6135";"3286";"4072";"1621";"4263";"9779";"2449";"3440";"2193";"3140";"5000";"6066";"3455";"6789";"11454";"3420";"876";"1148";"3065";"9041";"3099";"6513";"6634";"3323";"1722";"6086";"1429";"4273";"3322";"3878";"4381";"3468";"4230";-
"2020";"População Masculina de 30 a 34 Anos";"3076";"1373";"3734";"3392";"3947";"603";"3606";"2109";"1849";"1566";"11466";"2460";"6052";"1460";"2133";"3610";"9513";"5777";"12473";"3222";"3488";"12164";"8426";"5589";"9716";"3184";"4282";"4919";"5580";"16392";"4494";"6173";"4251";"3139";"9856";"8447";"8999";"976";"2319";"8572";"13785";"5604";"3198";"12699";"3957";"5185";"7490";"2381";"3074";"3308";"4350";"358";"2698";"3082";"1762";"6071";"859";"2987";"6973";"5088";"4350";"3785";"2232";"6830";"3594";"4111";"3215";"5024";"10928";"3701";"4071";"2483";"3487";"5836";"6442";"3625";"6375";"12486";"4791";"1277";"1362";"3472";"9042";"3896";"7472";"6256";"3774";"2131";"6409";"1898";"4908";"5138";"4254";"5107";"4416";"4859";-
"2020";"População Masculina de 35 a 39 Anos";"3267";"1357";"3267";"3409";"4255";"724";"4615";"2438";"1840";"1684";"11068";"2727";"5930";"1703";"2478";"4054";"9662";"5491";"12387";"3258";"3518";"11928";"8128";"5643";"9335";"3170";"4722";"4823";"5710";"15511";"4262";"5789";"4764";"4519";"9128";"8236";"9612";"1043";"2553";"8381";"13721";"5321";"4314";"12575";"4000";"5803";"6753";"2785";"3726";"3203";"4290";"289";"3574";"3328";"1948";"5677";"818";"3051";"6514";"5339";"5029";"3234";"3144";"7093";"3728";"4426";"3824";"5288";"11540";"4441";"4423";"2918";"3579";"6052";"6371";"3430";"6052";"11745";"5994";"1345";"1424";"3713";"8758";"4011";"7158";"6227";"3740";"2396";"6019";"2136";"5003";"6460";"4313";"5173";"4538";"5146";-
"2020";"População Masculina de 40 a 44 Anos";"3086";"1516";"3059";"3037";"3951";"681";"3896";"2101";"1690";"1463";"9585";"2321";"5342";"1712";"2591";"4264";"9153";"4930";"11055";"3164";"3294";"10910";"7527";"5221";"8086";"2485";"4403";"4337";"5305";"13808";"3906";"5070";"4423";"4916";"8006";"7692";"9144";"957";"2376";"7748";"12383";"4701";"4291";"11511";"3636";"5630";"5867";"2731";"3287";"2928";"4045";"267";"3919";"3222";"1905";"5342";"695";"2584";"5983";"4685";"5095";"3131";"3050";"6476";"3150";"4177";"3355";"4749";"10433";"3878";"3937";"2843";"3211";"5301";"5597";"2876";"5845";"10518";"5857";"1163";"1297";"3531";"8051";"3643";"6605";"5192";"3272";"2193";"5303";"2270";"4230";"5765";"3883";"4352";"4123";"4814";-
"2020";"População Masculina de 45 a 49 Anos";"2778";"1273";"2997";"2824";"3364";"598";"2826";"1710";"1258";"1228";"8515";"1840";"4433";"1474";"2257";"3789";"7887";"4358";"9623";"2894";"2632";"9214";"6646";"4523";"7018";"1924";"3689";"3943";"4422";"12290";"3385";"4581";"3883";"3936";"7071";"7117";"7543";"804";"1953";"6875";"11391";"4183";"3354";"9897";"3071";"4580";"5548";"2342";"2576";"2469";"3774";"224";"3443";"2876";"1738";"4810";"559";"2444";"5260";"4190";"3896";"2978";"2359";"5415";"2749";"3531";"2848";"4026";"8824";"3359";"3465";"2684";"2837";"4671";"5037";"2755";"5512";"9201";"4662";"1178";"1226";"3279";"7297";"3117";"6068";"5005";"2943";"1963";"4680";"2104";"3680";"4400";"3363";"3736";"3337";"4079";-
"2020";"População Masculina de 50 a 54 Anos";"2435";"1229";"2925";"2739";"2807";"452";"2341";"1353";"1096";"997";"7808";"1618";"4131";"1271";"2051";"3674";"6524";"4090";"8284";"2677";"2428";"8029";"6053";"3941";"5944";"1639";"3500";"3630";"4147";"11143";"3037";"4434";"3456";"2986";"6572";"6309";"7030";"709";"1644";"6121";"9555";"3863";"2848";"8428";"2674";"3778";"4792";"2135";"2262";"2292";"3639";"265";"2918";"2737";"1672";"4357";"568";"2142";"4738";"3966";"3578";"2710";"2046";"5289";"2707";"3065";"2469";"3774";"8085";"2969";"3376";"2432";"2772";"4353";"4594";"2611";"4937";"8246";"4353";"922";"1084";"3237";"6621";"2896";"4869";"4439";"2862";"1697";"4286";"1629";"3207";"3924";"3228";"3378";"3200";"3650";-
"2020";"População Masculina de 55 a 59 Anos";"2613";"1391";"2127";"2381";"2661";"398";"2046";"1302";"914";"824";"6144";"1541";"3437";"1108";"1961";"3376";"5077";"3668";"6259";"2679";"2352";"6345";"4992";"3394";"4757";"1758";"3378";"2956";"4031";"8775";"2452";"3507";"3230";"2868";"5460";"5183";"6274";"693";"1373";"5049";"6858";"3009";"2666";"6552";"2359";"3027";"3776";"2187";"1962";"2040";"3299";"226";"2863";"2525";"1535";"3363";"453";"1641";"3745";"3758";"3442";"2097";"2019";"4791";"2435";"2384";"1978";"3249";"6972";"2680";"3501";"2494";"2473";"4420";"4018";"2283";"3889";"7299";"4118";"682";"1111";"3311";"5611";"2825";"3969";"3658";"2952";"1531";"3724";"1456";"2779";"4016";"3087";"3266";"3210";"3170";-
"2020";"População Masculina de 60 a 64 Anos";"2367";"1236";"1507";"2163";"2207";"394";"1733";"1107";"812";"707";"5004";"1404";"2999";"949";"1771";"2848";"4359";"3103";"5103";"2329";"2117";"5259";"4213";"2943";"3981";"1585";"3087";"2465";"3673";"6844";"1998";"2726";"2779";"2658";"4400";"4223";"5173";"635";"1077";"4097";"5458";"2387";"2467";"5521";"2078";"2599";"3133";"1978";"1831";"1812";"2826";"216";"2700";"2242";"1299";"2740";"386";"1448";"3093";"3278";"3424";"1624";"1811";"4159";"2243";"1932";"1606";"2656";"5989";"2243";"3266";"2149";"2067";"3651";"3423";"1904";"2943";"6236";"3972";"503";"973";"2774";"4606";"2671";"3069";"2915";"2675";"1434";"3017";"1125";"2397";"3827";"2648";"2866";"2787";"2763";-
"2020";"População Masculina de 65 a 69 Anos";"1834";"1128";"955";"1635";"1832";"309";"1442";"907";"617";"497";"3557";"1204";"2060";"740";"1561";"2126";"3137";"2258";"3868";"1829";"1638";"4056";"3250";"2291";"2859";"1242";"2339";"1933";"2701";"4931";"1497";"1970";"2236";"2334";"3133";"3129";"3983";"525";"832";"2845";"3976";"1763";"2108";"4018";"1566";"2272";"2220";"1543";"1458";"1396";"2067";"166";"2453";"1786";"1050";"1920";"277";"1129";"2196";"2522";"2927";"1156";"1592";"3144";"1690";"1569";"1166";"2016";"4431";"1823";"2712";"1803";"1517";"2792";"2597";"1359";"2122";"4730";"3251";"331";"786";"2175";"3412";"2197";"1982";"2124";"2048";"1115";"2183";"828";"1796";"3346";"2080";"2246";"2187";"2137";-
"2020";"População Masculina de 70 a 74 Anos";"1326";"882";"535";"1231";"1324";"232";"1051";"589";"397";"366";"2355";"929";"1342";"518";"1175";"1453";"2056";"1545";"2576";"1356";"1149";"2875";"2295";"1537";"1605";"1038";"1675";"1305";"1840";"3076";"957";"1170";"1548";"1818";"2027";"2164";"2581";"393";"582";"1789";"2501";"1181";"1900";"2610";"1110";"1600";"1415";"1129";"1147";"993";"1451";"108";"1975";"1174";"825";"1168";"235";"811";"1469";"1909";"2241";"747";"1218";"2139";"1161";"1107";"789";"1393";"2915";"1330";"1960";"1384";"1137";"1972";"1776";"953";"1402";"3139";"2327";"197";"600";"1501";"2261";"1509";"1295";"1445";"1409";"760";"1332";"556";"1159";"2635";"1424";"1551";"1579";"1549";-
"2020";"População Masculina de 75 Anos e Mais";"1902";"1496";"370";"1595";"1599";"297";"1337";"773";"539";"349";"2294";"1338";"1422";"739";"1810";"1767";"1923";"1749";"2233";"1867";"1515";"2813";"2223";"1413";"1207";"1520";"2217";"1268";"2153";"2374";"847";"973";"2087";"2493";"1829";"2186";"3323";"482";"768";"1524";"2013";"1126";"2678";"2442";"1248";"1251";"1247";"1741";"1392";"1119";"1838";"102";"2392";"1746";"1131";"980";"315";"717";"1236";"2447";"2708";"681";"1774";"2426";"1378";"1052";"895";"1577";"3391";"1713";"2529";"2010";"1298";"2674";"1924";"1164";"1408";"3142";"3264";"226";"841";"2063";"2389";"2123";"1272";"1532";"1898";"1045";"1295";"705";"1527";"3314";"1886";"2058";"2012";"1924";-
"2020";"População Feminina";"44280";"22391";"43064";"45192";"53374";"8769";"38236";"25448";"19971";"16623";"146941";"28420";"76201";"21725";"34402";"56862";"119195";"72538";"154695";"45180";"45985";"149726";"106003";"69928";"123029";"31311";"60621";"61479";"74068";"200711";"56645";"76217";"59797";"52508";"121835";"110411";"121604";"12560";"28699";"110231";"173823";"69632";"49720";"152288";"50515";"72025";"89653";"36103";"38942";"42417";"58025";"4173";"48453";"42498";"28145";"78407";"9985";"36888";"83037";"68883";"62180";"45692";"36113";"89791";"47454";"56407";"30822";"64409";"137955";"47170";"62591";"39710";"45264";"75268";"80309";"46542";"81431";"150408";"72810";"13562";"19249";"51730";"115815";"51893";"83577";"79353";"49827";"30313";"75471";"22702";"59447";"71955";"55858";"65443";"55394";"63807";-
"2020";"População Feminina de 0 a 4 Anos";"2125";"761";"2927";"2382";"2811";"464";"1906";"1822";"1359";"1246";"11177";"1259";"5266";"1169";"1529";"2703";"7760";"4479";"10741";"2046";"2585";"10077";"6629";"4345";"8813";"1145";"3037";"3901";"4123";"14820";"4133";"5840";"3019";"2242";"8454";"7091";"6775";"644";"1678";"7590";"12820";"5360";"1970";"10165";"2858";"4025";"6653";"1534";"1852";"2634";"2917";"261";"1833";"2056";"1642";"6238";"704";"2381";"5365";"3493";"2431";"3473";"1389";"5109";"2546";"3823";"1630";"4461";"7670";"2263";"2788";"1652";"2454";"3749";"5064";"3344";"5362";"9477";"2964";"1013";"925";"2211";"7829";"2311";"5189";"5180";"2398";"1743";"4436";"1094";"3888";"2881";"2819";"3841";"2687";"3777";-
"2020";"População Feminina de 5 a 9 Anos";"2335";"838";"2803";"2519";"2980";"516";"2054";"2090";"1501";"1441";"11407";"1376";"5546";"1283";"1714";"2983";"8045";"4707";"11011";"2213";"2787";"10483";"6911";"4486";"8591";"1099";"3362";"4062";"4395";"15091";"4167";"5760";"3300";"2594";"8548";"7386";"7318";"699";"1807";"7703";"13207";"5428";"2142";"10571";"2946";"4156";"6695";"1724";"2082";"2823";"3100";"244";"2064";"2276";"1779";"6161";"766";"2502";"5402";"3761";"2620";"3501";"1561";"5440";"2693";"4064";"1843";"4863";"8087";"2469";"3022";"1858";"2606";"3902";"5327";"3518";"5400";"9839";"3358";"1157";"1017";"2399";"7988";"2474";"5190";"5202";"2499";"1947";"4418";"1232";"4123";"3099";"2992";"4090";"2872";"4081";-
"2020";"População Feminina de 10 a 14 Anos";"1849";"840";"2734";"2238";"2748";"408";"1370";"1273";"1106";"805";"9037";"1074";"4507";"1053";"1472";"2800";"7172";"3740";"9276";"1972";"2202";"8789";"5856";"3894";"8262";"813";"2827";"3605";"3473";"12715";"3490";"4788";"2799";"2140";"7699";"6504";"6304";"574";"1569";"6584";"12092";"4316";"1602";"8890";"2864";"4279";"5750";"1459";"1555";"2147";"2666";"293";"1918";"1885";"1287";"5109";"547";"2202";"5234";"3196";"2361";"2859";"1251";"4615";"2426";"3206";"1278";"3357";"7345";"1767";"2284";"1716";"2413";"3833";"4400";"2459";"5436";"8573";"2828";"573";"760";"2063";"6622";"2080";"5501";"4711";"2178";"1420";"4706";"1202";"3276";"2472";"2742";"3315";"2610";"3258";-
"2020";"População Feminina de 15 a 19 Anos";"2026";"860";"3165";"2528";"2922";"407";"1233";"1219";"1103";"886";"10535";"1143";"4915";"1059";"1531";"2898";"7705";"4202";"10564";"2237";"2373";"9380";"6736";"4521";"9523";"869";"2949";"3881";"3915";"14568";"4050";"5775";"2924";"1687";"8552";"7167";"6473";"655";"1748";"7854";"13011";"4874";"1472";"9996";"3255";"4835";"6472";"1461";"1502";"2420";"3021";"304";"1700";"1842";"1517";"6140";"577";"2505";"5789";"3460";"2388";"3260";"1222";"4971";"2672";"3734";"1106";"3608";"8149";"1722";"2406";"1792";"2695";"4033";"4993";"2764";"6310";"9624";"2799";"719";"903";"2260";"7497";"2317";"6054";"5572";"2531";"1450";"5203";"1182";"3497";"2293";"2993";"3546";"2686";"3564";-
"2020";"População Feminina de 20 a 24 Anos";"2317";"996";"4109";"3126";"3623";"417";"1412";"1387";"1262";"1040";"12971";"1322";"5996";"1235";"1627";"3480";"9463";"5325";"12905";"2634";"2897";"11479";"8156";"5307";"11527";"982";"3281";"4673";"4873";"18068";"4927";"6906";"3425";"1762";"10740";"9038";"7984";"802";"2030";"9542";"15573";"6112";"1623";"12075";"3849";"5689";"8377";"1664";"1651";"2735";"3778";"471";"1940";"2163";"1765";"7536";"644";"2949";"7013";"4187";"2491";"4116";"1327";"6062";"3349";"4141";"1301";"4282";"9628";"2039";"3068";"1943";"3147";"4725";"6341";"3647";"7360";"11784";"3063";"829";"1070";"2762";"9439";"2764";"7091";"6947";"3142";"1771";"6429";"1313";"4235";"2595";"3594";"4393";"3269";"3996";-
"2020";"População Feminina de 25 a 29 Anos";"2651";"1172";"4065";"3017";"3611";"449";"1878";"1363";"1252";"1073";"11906";"1566";"5839";"1248";"1641";"3424";"8914";"5272";"12058";"2694";"2949";"11355";"7938";"5484";"10825";"1763";"3636";"4688";"4925";"17094";"4722";"6734";"3677";"2314";"10337";"8273";"7973";"764";"1997";"8837";"14094";"5823";"2075";"11729";"3659";"5245";"7881";"1778";"2076";"2900";"3883";"357";"2276";"2507";"1709";"6879";"644";"2783";"6966";"4451";"3013";"3844";"1527";"6198";"3245";"4054";"1672";"4223";"9799";"2546";"3417";"2113";"3136";"5016";"5929";"3431";"6559";"11647";"3456";"952";"1142";"3107";"9157";"3128";"6846";"6643";"3249";"1758";"6301";"1367";"4194";"3448";"3683";"4509";"3503";"4386";-
"2020";"População Feminina de 30 a 34 Anos";"3098";"1509";"3883";"3437";"4232";"714";"3461";"1908";"1768";"1573";"12185";"2237";"6194";"1671";"2367";"3924";"10002";"6001";"13363";"3209";"3562";"12821";"8742";"5890";"10240";"3482";"4416";"5290";"5731";"16834";"4756";"6455";"4458";"3510";"10201";"8746";"9679";"940";"2192";"9070";"14334";"5808";"3684";"12996";"4077";"5529";"7701";"2349";"3219";"3361";"4369";"341";"3241";"3112";"2020";"6140";"843";"3064";"7183";"5357";"4682";"3835";"2373";"7066";"3832";"4493";"2880";"5162";"11198";"4060";"4969";"2558";"3528";"5869";"6566";"3893";"6469";"12479";"4904";"1345";"1337";"3767";"9340";"4002";"7319";"6570";"3821";"2206";"6587";"1492";"4971";"5507";"4320";"5433";"4265";"5172";-
"2020";"População Feminina de 35 a 39 Anos";"3338";"1637";"3585";"3675";"4573";"836";"4560";"2266";"1892";"1589";"11947";"2798";"6531";"1917";"2871";"4605";"10694";"6094";"13598";"3584";"3912";"12886";"8891";"6068";"10186";"3400";"5166";"5285";"6316";"17043";"4652";"6203";"5028";"5163";"9940";"8952";"10701";"1041";"2647";"9308";"14956";"5655";"5262";"13747";"4280";"6278";"7140";"2902";"3921";"3552";"4589";"290";"4344";"3464";"2180";"6162";"839";"3144";"7109";"5556";"6018";"3632";"3551";"7572";"3926";"4991";"3408";"5681";"12333";"4830";"5547";"3011";"3819";"6221";"6822";"3585";"6736";"12730";"6683";"1329";"1658";"4169";"9391";"4397";"7390";"6403";"3959";"2521";"6516";"1910";"5200";"7343";"4501";"5428";"4650";"5667";-
"2020";"População Feminina de 40 a 44 Anos";"3583";"1823";"3382";"3404";"4379";"810";"3751";"2089";"1674";"1424";"10991";"2514";"5958";"1893";"2912";"4993";"10225";"5430";"12656";"3577";"3615";"12222";"8492";"5645";"9373";"2637";"5000";"4881";"5836";"15549";"4234";"5490";"4872";"5388";"8940";"8856";"10350";"989";"2532";"8795";"14227";"5152";"4890";"12537";"4048";"6373";"6577";"3105";"3605";"3373";"4600";"295";"4758";"3476";"2345";"5835";"684";"3093";"6780";"5272";"5695";"3518";"3433";"7139";"3559";"4931";"2871";"5354";"11477";"4356";"5042";"3333";"3621";"5888";"6078";"3320";"6377";"11196";"6597";"1277";"1536";"4140";"8799";"4058";"7541";"5984";"3707";"2585";"5847";"2290";"4612";"6601";"4372";"4833";"4396";"5496";-
"2020";"População Feminina de 45 a 49 Anos";"3055";"1603";"3314";"3186";"3869";"672";"2831";"1644";"1299";"1148";"9598";"2047";"5125";"1696";"2739";"4582";"8801";"5049";"10797";"3278";"3163";"10589";"7454";"5003";"7966";"2040";"4332";"4289";"5180";"13798";"3789";"5157";"4464";"4324";"8155";"7940";"8852";"847";"2164";"7774";"12252";"4591";"3597";"11011";"3383";"5100";"6080";"2698";"3117";"2938";"4435";"230";"4090";"3196";"2179";"5401";"683";"2553";"5871";"4714";"4589";"3148";"2738";"6382";"3190";"4125";"2289";"4537";"10086";"3387";"4303";"3145";"3249";"5238";"5578";"3001";"5845";"10149";"5466";"1150";"1392";"3890";"8302";"3420";"6424";"5658";"3314";"2131";"5173";"2063";"3850";"5119";"3990";"4189";"3869";"4704";-
"2020";"População Feminina de 50 a 54 Anos";"3055";"1601";"2911";"3047";"3395";"507";"2448";"1478";"1196";"988";"8915";"1873";"4692";"1393";"2273";"4390";"7541";"4785";"9576";"3126";"2873";"9319";"6924";"4476";"6901";"1904";"4022";"3978";"4945";"12585";"3482";"4736";"4120";"3414";"7863";"7313";"8168";"823";"1797";"6911";"10832";"4185";"3147";"9741";"3053";"4469";"5461";"2579";"2544";"2565";"4174";"255";"3344";"2977";"2021";"4815";"583";"2311";"5370";"4735";"4091";"2887";"2514";"6020";"3157";"3494";"2022";"4129";"9029";"3235";"4261";"2879";"3098";"5108";"5246";"3048";"5238";"9687";"5078";"851";"1302";"3732";"7458";"3411";"5471";"5132";"3382";"1901";"4828";"1625";"3625";"4677";"3811";"4134";"3692";"4152";-
"2020";"População Feminina de 55 a 59 Anos";"3219";"1829";"2285";"2914";"3276";"543";"2349";"1547";"1110";"890";"7601";"1912";"4349";"1339";"2386";"4105";"6432";"4620";"8142";"3335";"2957";"8093";"6224";"4019";"6290";"2149";"4173";"3564";"4918";"10333";"2947";"4009";"3979";"3524";"6689";"6224";"7759";"836";"1664";"6119";"8201";"3544";"3399";"8327";"2969";"3913";"4478";"2654";"2506";"2505";"4201";"243";"3605";"2952";"1864";"3820";"575";"2031";"4365";"4728";"4435";"2332";"2615";"5882";"3148";"3010";"1920";"3856";"8737";"3069";"4570";"2854";"2884";"5302";"4869";"2808";"4362";"9078";"5266";"621";"1354";"3977";"6501";"3630";"4411";"4352";"3587";"1946";"4339";"1601";"3441";"5145";"3702";"3988";"3812";"3723";-
"2020";"População Feminina de 60 a 64 Anos";"3033";"1673";"1592";"2697";"3084";"504";"2360";"1362";"934";"816";"6280";"1839";"3764";"1305";"2295";"3591";"5607";"3985";"6924";"2992";"2814";"7295";"5647";"3605";"5454";"2144";"4072";"3128";"4735";"8399";"2560";"3167";"3753";"3521";"5612";"5426";"7006";"837";"1369";"5205";"6764";"3038";"3520";"6960";"2814";"3769";"3777";"2518";"2475";"2489";"3676";"208";"3500";"2784";"1655";"3136";"495";"1795";"3782";"4360";"4484";"1868";"2557";"5366";"2984";"2745";"1829";"3483";"7509";"3051";"4551";"2711";"2577";"4574";"4252";"2426";"3362";"7855";"5337";"568";"1243";"3609";"5605";"3746";"3193";"3552";"3348";"1872";"3837";"1268";"3072";"5300";"3485";"4076";"3617";"3409";-
"2020";"População Feminina de 65 a 69 Anos";"2586";"1520";"1075";"2261";"2710";"430";"2140";"1248";"832";"629";"4719";"1714";"2855";"1087";"2110";"2915";"4315";"3187";"5420";"2551";"2380";"5654";"4365";"2822";"4159";"1982";"3415";"2491";"3727";"6002";"1954";"2276";"3075";"3340";"4095";"4400";"5566";"688";"1144";"3753";"4945";"2269";"3437";"5480";"2262";"3458";"2746";"2229";"2180";"2112";"2861";"141";"3217";"2282";"1381";"2131";"376";"1378";"2771";"3647";"4070";"1363";"2381";"4266";"2316";"2208";"1578";"2639";"5994";"2631";"3946";"2424";"2070";"3858";"3213";"1808";"2577";"6075";"4641";"402";"1128";"3010";"4448";"3240";"2368";"2797";"2813";"1590";"2790";"1001";"2445";"4972";"2979";"3141";"3006";"2921";-
"2020";"População Feminina de 70 a 74 Anos";"2158";"1325";"597";"1896";"2192";"398";"1743";"925";"599";"427";"3529";"1393";"2110";"811";"1738";"2239";"3044";"2368";"3746";"2146";"1860";"4117";"3325";"2111";"2587";"1678";"2530";"1659";"2788";"4076";"1304";"1490";"2453";"2700";"2855";"3171";"4166";"573";"952";"2504";"3257";"1634";"2702";"3868";"1715";"2444";"1861";"1822";"1780";"1576";"2336";"106";"2492";"1831";"1129";"1500";"349";"1018";"1894";"2949";"3400";"991";"1886";"3188";"1783";"1633";"1279";"2028";"4412";"2100";"3020";"2094";"1633";"3070";"2456";"1360";"1947";"4616";"3718";"329";"926";"2254";"3220";"2502";"1683";"2125";"2226";"1273";"1916";"749";"1956";"3873";"2264";"2555";"2364";"2308";-
"2020";"População Feminina de 75 Anos e Mais";"3852";"2404";"637";"2865";"2969";"694";"2740";"1827";"1084";"648";"4143";"2353";"2554";"1566";"3197";"3230";"3475";"3294";"3918";"3586";"3056";"5167";"3713";"2252";"2332";"3224";"4403";"2104";"4188";"3736";"1478";"1431";"4451";"4885";"3155";"3924";"6530";"848";"1409";"2682";"3258";"1843";"5198";"4195";"2483";"2463";"2004";"3627";"2877";"2287";"3419";"134";"4131";"3695";"1672";"1404";"676";"1179";"2143";"5017";"5412";"1065";"3788";"4515";"2628";"1755";"1916";"2746";"6502";"3645";"5397";"3627";"2334";"4882";"3175";"2130";"2091";"5599";"6652";"447";"1556";"4380";"4219";"4413";"1906";"2525";"3673";"2199";"2145";"1313";"3062";"6630";"3611";"3972";"4096";"3193";-
